{
    "name": "root",
    "gauges": {
        "CarAgent.Policy.Entropy.mean": {
            "value": 1.2302244901657104,
            "min": 1.2302191257476807,
            "max": 1.427889347076416,
            "count": 200
        },
        "CarAgent.Policy.Entropy.sum": {
            "value": 11883.96875,
            "min": 9916.4970703125,
            "max": 15480.6171875,
            "count": 200
        },
        "CarAgent.Step.mean": {
            "value": 1999951.0,
            "min": 9885.0,
            "max": 1999951.0,
            "count": 200
        },
        "CarAgent.Step.sum": {
            "value": 1999951.0,
            "min": 9885.0,
            "max": 1999951.0,
            "count": 200
        },
        "CarAgent.Policy.ExtrinsicValueEstimate.mean": {
            "value": 14.863755226135254,
            "min": -0.5199612975120544,
            "max": 15.027289390563965,
            "count": 200
        },
        "CarAgent.Policy.ExtrinsicValueEstimate.sum": {
            "value": 1412.0567626953125,
            "min": -42.11686706542969,
            "max": 1546.306640625,
            "count": 200
        },
        "CarAgent.Environment.EpisodeLength.mean": {
            "value": 250.775,
            "min": 234.97560975609755,
            "max": 1799.0,
            "count": 200
        },
        "CarAgent.Environment.EpisodeLength.sum": {
            "value": 10031.0,
            "min": 2199.0,
            "max": 15291.0,
            "count": 200
        },
        "CarAgent.Car.Success.mean": {
            "value": 0.925,
            "min": 0.0,
            "max": 0.9743589743589743,
            "count": 200
        },
        "CarAgent.Car.Success.sum": {
            "value": 37.0,
            "min": 0.0,
            "max": 41.0,
            "count": 200
        },
        "CarAgent.Car.WallCrash.mean": {
            "value": 0.075,
            "min": 0.0,
            "max": 1.0,
            "count": 200
        },
        "CarAgent.Car.WallCrash.sum": {
            "value": 3.0,
            "min": 0.0,
            "max": 27.0,
            "count": 200
        },
        "CarAgent.Car.Timeout.mean": {
            "value": 0.0,
            "min": 0.0,
            "max": 1.0,
            "count": 200
        },
        "CarAgent.Car.Timeout.sum": {
            "value": 0.0,
            "min": 0.0,
            "max": 7.0,
            "count": 200
        },
        "CarAgent.Car.CheckpointsPassed.mean": {
            "value": 9.7,
            "min": 0.2857142857142857,
            "max": 10.0,
            "count": 200
        },
        "CarAgent.Car.CheckpointsPassed.sum": {
            "value": 388.0,
            "min": 2.0,
            "max": 422.0,
            "count": 200
        },
        "CarAgent.Environment.CumulativeReward.mean": {
            "value": 48.819758317409416,
            "min": -6.98186294385232,
            "max": 50.78554902932583,
            "count": 200
        },
        "CarAgent.Environment.CumulativeReward.sum": {
            "value": 1903.9705743789673,
            "min": -87.87287999689579,
            "max": 2075.8999304771423,
            "count": 200
        },
        "CarAgent.Policy.ExtrinsicReward.mean": {
            "value": 48.819758317409416,
            "min": -6.98186294385232,
            "max": 50.78554902932583,
            "count": 200
        },
        "CarAgent.Policy.ExtrinsicReward.sum": {
            "value": 1903.9705743789673,
            "min": -87.87287999689579,
            "max": 2075.8999304771423,
            "count": 200
        },
        "CarAgent.IsTraining.mean": {
            "value": 1.0,
            "min": 1.0,
            "max": 1.0,
            "count": 200
        },
        "CarAgent.IsTraining.sum": {
            "value": 1.0,
            "min": 1.0,
            "max": 1.0,
            "count": 200
        },
        "CarAgent.Losses.PolicyLoss.mean": {
            "value": 0.02127794288486863,
            "min": 0.012762916879728437,
            "max": 0.03400629951308171,
            "count": 193
        },
        "CarAgent.Losses.PolicyLoss.sum": {
            "value": 0.02127794288486863,
            "min": 0.012762916879728437,
            "max": 0.03400629951308171,
            "count": 193
        },
        "CarAgent.Losses.ValueLoss.mean": {
            "value": 5.009008193016053,
            "min": 0.010537246397385994,
            "max": 5.945870717366536,
            "count": 193
        },
        "CarAgent.Losses.ValueLoss.sum": {
            "value": 5.009008193016053,
            "min": 0.010537246397385994,
            "max": 5.945870717366536,
            "count": 193
        },
        "CarAgent.Policy.LearningRate.mean": {
            "value": 1.3994495335499886e-06,
            "min": 1.3994495335499886e-06,
            "max": 0.00029846250051250003,
            "count": 193
        },
        "CarAgent.Policy.LearningRate.sum": {
            "value": 1.3994495335499886e-06,
            "min": 1.3994495335499886e-06,
            "max": 0.00029846250051250003,
            "count": 193
        },
        "CarAgent.Policy.Epsilon.mean": {
            "value": 0.10046644999999997,
            "min": 0.10046644999999997,
            "max": 0.1994875,
            "count": 193
        },
        "CarAgent.Policy.Epsilon.sum": {
            "value": 0.10046644999999997,
            "min": 0.10046644999999997,
            "max": 0.1994875,
            "count": 193
        },
        "CarAgent.Policy.Beta.mean": {
            "value": 3.32758549999998e-05,
            "min": 3.32758549999998e-05,
            "max": 0.004974426249999999,
            "count": 193
        },
        "CarAgent.Policy.Beta.sum": {
            "value": 3.32758549999998e-05,
            "min": 3.32758549999998e-05,
            "max": 0.004974426249999999,
            "count": 193
        },
        "CarAgent.Car.LapTime.mean": {
            "value": 22.07572318412162,
            "min": 21.838253348214284,
            "max": 79.04000854492188,
            "count": 185
        },
        "CarAgent.Car.LapTime.sum": {
            "value": 816.8017578125,
            "min": 124.29998779296875,
            "max": 939.51953125,
            "count": 185
        }
    },
    "metadata": {
        "timer_format_version": "0.1.0",
        "start_time_seconds": "1783440038",
        "python_version": "3.10.12 | packaged by Anaconda, Inc. | (main, Jul  5 2023, 19:01:18) [MSC v.1916 64 bit (AMD64)]",
        "command_line_arguments": "C:\\Users\\danie\\anaconda3\\envs\\mlagents\\Scripts\\mlagents-learn config\\ppo_normal.yaml --run-id=run_veloce --force --env=.\\build_base_closed_headless\\UnityEnvironment.exe --no-graphics --num-envs=2",
        "mlagents_version": "1.1.0",
        "mlagents_envs_version": "1.1.0",
        "communication_protocol_version": "1.5.0",
        "pytorch_version": "2.2.2+cu121",
        "numpy_version": "1.23.5",
        "end_time_seconds": "1783441943"
    },
    "total": 1905.126604,
    "count": 1,
    "self": 0.21357780000016646,
    "children": {
        "run_training.setup": {
            "total": 0.14294040000004316,
            "count": 1,
            "self": 0.14294040000004316
        },
        "TrainerController.start_learning": {
            "total": 1904.7700857999998,
            "count": 1,
            "self": 5.5403681000098,
            "children": {
                "TrainerController._reset_env": {
                    "total": 3.457073499999751,
                    "count": 1,
                    "self": 3.457073499999751
                },
                "TrainerController.advance": {
                    "total": 1895.6610082999905,
                    "count": 196942,
                    "self": 2.895291499998166,
                    "children": {
                        "env_step": {
                            "total": 1892.7657167999923,
                            "count": 196942,