{
    "name": "root",
    "gauges": {
        "CarAgent.Policy.Entropy.mean": {
            "value": 1.4235572814941406,
            "min": 1.4189382791519165,
            "max": 1.4235572814941406,
            "count": 4
        },
        "CarAgent.Policy.Entropy.sum": {
            "value": 14292.5146484375,
            "min": 14125.0380859375,
            "max": 15083.314453125,
            "count": 4
        },
        "CarAgent.Step.mean": {
            "value": 39901.0,
            "min": 9882.0,
            "max": 39901.0,
            "count": 4
        },
        "CarAgent.Step.sum": {
            "value": 39901.0,
            "min": 9882.0,
            "max": 39901.0,
            "count": 4
        },
        "CarAgent.Policy.ExtrinsicValueEstimate.mean": {
            "value": -0.01633170247077942,
            "min": -0.03279384598135948,
            "max": 0.29352128505706787,
            "count": 4
        },
        "CarAgent.Policy.ExtrinsicValueEstimate.sum": {
            "value": -1.2902045249938965,
            "min": -2.8858582973480225,
            "max": 23.775224685668945,
            "count": 4
        },
        "CarAgent.Environment.EpisodeLength.mean": {
            "value": 778.2,
            "min": 642.25,
            "max": 810.1538461538462,
            "count": 4
        },
        "CarAgent.Environment.EpisodeLength.sum": {
            "value": 3891.0,
            "min": 3891.0,
            "max": 10532.0,
            "count": 4
        },
        "CarAgent.Car.Success.mean": {
            "value": 0.0,
            "min": 0.0,
            "max": 0.0,
            "count": 4
        },
        "CarAgent.Car.Success.sum": {
            "value": 0.0,
            "min": 0.0,
            "max": 0.0,
            "count": 4
        },
        "CarAgent.Car.WallCrash.mean": {
            "value": 1.0,
            "min": 0.7692307692307693,
            "max": 1.0,
            "count": 4
        },
        "CarAgent.Car.WallCrash.sum": {
            "value": 5.0,
            "min": 5.0,
            "max": 14.0,
            "count": 4
        },
        "CarAgent.Car.Timeout.mean": {
            "value": 0.0,
            "min": 0.0,
            "max": 0.23076923076923078,
            "count": 4
        },
        "CarAgent.Car.Timeout.sum": {
            "value": 0.0,
            "min": 0.0,
            "max": 3.0,
            "count": 4
        },
        "CarAgent.Car.CheckpointsPassed.mean": {
            "value": 0.0,
            "min": 0.0,
            "max": 0.125,
            "count": 4
        },
        "CarAgent.Car.CheckpointsPassed.sum": {
            "value": 0.0,
            "min": 0.0,
            "max": 2.0,
            "count": 4
        },
        "CarAgent.Environment.CumulativeReward.mean": {
            "value": -8.323104384541512,
            "min": -8.323104384541512,
            "max": -6.2982956897467375,
            "count": 4
        },
        "CarAgent.Environment.CumulativeReward.sum": {
            "value": -41.61552192270756,
            "min": -100.7727310359478,
            "max": -41.61552192270756,
            "count": 4
        },
        "CarAgent.Policy.ExtrinsicReward.mean": {
            "value": -8.323104384541512,
            "min": -8.323104384541512,
            "max": -6.2982956897467375,
            "count": 4
        },
        "CarAgent.Policy.ExtrinsicReward.sum": {
            "value": -41.61552192270756,
            "min": -100.7727310359478,
            "max": -41.61552192270756,
            "count": 4
        },
        "CarAgent.IsTraining.mean": {
            "value": 1.0,
            "min": 1.0,
            "max": 1.0,
            "count": 4
        },
        "CarAgent.IsTraining.sum": {
            "value": 1.0,
            "min": 1.0,
            "max": 1.0,
            "count": 4
        },
        "CarAgent.Losses.PolicyLoss.mean": {
            "value": 0.02118655339193841,
            "min": 0.02001549168683899,
            "max": 0.024653043365105987,
            "count": 3
        },
        "CarAgent.Losses.PolicyLoss.sum": {
            "value": 0.02118655339193841,
            "min": 0.02001549168683899,
            "max": 0.024653043365105987,
            "count": 3
        },
        "CarAgent.Losses.ValueLoss.mean": {
            "value": 0.1717734063665072,
            "min": 0.17139953821897508,
            "max": 0.1821811062594255,
            "count": 3
        },
        "CarAgent.Losses.ValueLoss.sum": {
            "value": 0.1717734063665072,
            "min": 0.17139953821897508,
            "max": 0.1821811062594255,
            "count": 3
        },
        "CarAgent.Policy.LearningRate.mean": {
            "value": 0.00029536725154425,
            "min": 0.00029536725154425,
            "max": 0.00029846010051329995,
            "count": 3
        },
        "CarAgent.Policy.LearningRate.sum": {
            "value": 0.00029536725154425,
            "min": 0.00029536725154425,
            "max": 0.00029846010051329995,
            "count": 3
        },
        "CarAgent.Policy.Epsilon.mean": {
            "value": 0.19845575,
            "min": 0.19845575,
            "max": 0.19948669999999993,
            "count": 3
        },
        "CarAgent.Policy.Epsilon.sum": {
            "value": 0.19845575,
            "min": 0.19845575,
            "max": 0.19948669999999993,
            "count": 3
        },
        "CarAgent.Policy.Beta.mean": {
            "value": 0.004922941925000002,
            "min": 0.004922941925000002,
            "max": 0.004974386329999999,
            "count": 3
        },
        "CarAgent.Policy.Beta.sum": {
            "value": 0.004922941925000002,
            "min": 0.004922941925000002,
            "max": 0.004974386329999999,
            "count": 3
        }
    },
    "metadata": {
        "timer_format_version": "0.1.0",
        "start_time_seconds": "1783430364",
        "python_version": "3.10.12 (main, Jul  5 2023, 15:02:25) [Clang 14.0.6 ]",
        "command_line_arguments": "/opt/miniconda3/envs/mlagents/bin/mlagents-learn config/ppo_normal.yaml --run-id=testComplex_locale --force",
        "mlagents_version": "1.1.0",
        "mlagents_envs_version": "1.1.0",
        "communication_protocol_version": "1.5.0",
        "pytorch_version": "2.2.2",
        "numpy_version": "1.23.5",
        "end_time_seconds": "1783430940"
    },
    "total": 575.2762739169993,
    "count": 1,
    "self": 0.00850520801031962,
    "children": {
        "run_training.setup": {
            "total": 0.017571874996065162,
            "count": 1,
            "self": 0.017571874996065162
        },
        "TrainerController.start_learning": {
            "total": 575.250196833993,
            "count": 1,
            "self": 0.10968910102383234,
            "children": {
                "TrainerController._reset_env": {
                    "total": 10.416654290995211,
                    "count": 1,
                    "self": 10.416654290995211
                },
                "TrainerController.advance": {
                    "total": 564.5218956499884,
                    "count": 4406,
                    "self": 0.05672995312488638,
                    "children": {
                        "env_step": {
                            "total": 564.4651656968636,
                            "count": 4406,
                            "self": 554.1507861599384,
                            "children": {
                                "SubprocessEnvManager._take_step": {
                                    "total": 10.248566448150086,
                                    "count": 4406,
                                    "self": 0.3636565088672796,
                                    "children": {
                                        "TorchPolicy.evaluate": {
                                            "total": 9.884909939282807,
                                            "count": 4369,