{
    "name": "root",
    "metadata": {
        "timer_format_version": "0.1.0",
        "start_time_seconds": "1783174136",
        "python_version": "3.10.12 (main, Jul  5 2023, 15:02:25) [Clang 14.0.6 ]",
        "command_line_arguments": "/opt/miniconda3/envs/mlagents/bin/mlagents-learn config/ppo_normal.yaml --run-id=ppo_normal_seed1 --seed=1 --force",
        "mlagents_version": "1.1.0",
        "mlagents_envs_version": "1.1.0",
        "communication_protocol_version": "1.5.0",
        "pytorch_version": "2.2.2",
        "numpy_version": "1.23.5",
        "end_time_seconds": "1783174296"
    },
    "total": 159.55182074999902,
    "count": 1,
    "self": 0.0030996669083833694,
    "children": {
        "run_training.setup": {
            "total": 0.017658208031207323,
            "count": 1,
            "self": 0.017658208031207323
        },
        "TrainerController.start_learning": {
            "total": 159.53106287505943,
            "count": 1,
            "self": 0.06688602105714381,
            "children": {
                "TrainerController._reset_env": {
                    "total": 5.343645459040999,
                    "count": 1,
                    "self": 5.343645459040999
                },
                "TrainerController.advance": {
                    "total": 154.05573160399217,
                    "count": 3820,
                    "self": 0.06079897494055331,
                    "children": {
                        "env_step": {
                            "total": 153.99493262905162,
                            "count": 3820,
                            "self": 149.81196898431517,
                            "children": {
                                "SubprocessEnvManager._take_step": {
                                    "total": 4.152320887427777,
                                    "count": 3820,
                                    "self": 0.1422857710858807,
                                    "children": {
                                        "TorchPolicy.evaluate": {
                                            "total": 4.010035116341896,
                                            "count": 3807,
                                            "self": 4.010035116341896
                                        }
                                    }
                                },
                                "workers": {
                                    "total": 0.03064275730866939,
                                    "count": 3819,
                                    "self": 0.0,
                                    "children": {
                                        "worker_root": {
                                            "total": 91.31659318169113,
                                            "count": 3819,
                                            "is_parallel": true,
                                            "self": 7.410892272717319,
                                            "children": {
                                                "steps_from_proto": {
                                                    "total": 0.001009457977488637,
                                                    "count": 1,
                                                    "is_parallel": true,
                                                    "self": 0.00014608202036470175,
                                                    "children": {
                                                        "_process_rank_one_or_two_observation": {
                                                            "total": 0.0008633759571239352,
                                                            "count": 4,
                                                            "is_parallel": true,
                                                            "self": 0.0008633759571239352
                                                        }
                                                    }
                                                },
                                                "UnityEnvironment.step": {
                                                    "total": 83.90469145099632,
                                                    "count": 3819,
                                                    "is_parallel": true,
                                                    "self": 0.19007941405288875,
                                                    "children": {
                                                        "UnityEnvironment._generate_step_input": {
                                                            "total": 0.847465791972354,
                                                            "count": 3819,
                                                            "is_parallel": true,
                                                            "self": 0.847465791972354
                                                        },
                                                        "communicator.exchange": {
                                                            "total": 81.97140639892314,
                                                            "count": 3819,
                                                            "is_parallel": true,
                                                            "self": 81.97140639892314
                                                        },
                                                        "steps_from_proto": {
                                                            "total": 0.8957398460479453,
                                                            "count": 3819,
                                                            "is_parallel": true,
                                                            "self": 0.19827022787649184,
                                                            "children": {
                                                                "_process_rank_one_or_two_observation": {
                                                                    "total": 0.6974696181714535,
                                                                    "count": 15276,
                                                                    "is_parallel": true,
                                                                    "self": 0.6974696181714535
                                                                }
                                                            }
                                                        }
                                                    }
                                                }
                                            }
                                        }
                                    }
                                }
                            }
                        }
                    }
                },
                "TrainerController._save_models": {
                    "total": 0.06479979096911848,
                    "count": 1,
                    "self": 0.0009599159238860011,
                    "children": {
                        "RLTrainer._checkpoint": {
                            "total": 0.06383987504523247,
                            "count": 1,
                            "self": 0.06383987504523247
                        }
                    }
                }
            }
        }
    }
}