{
    "name": "root",
    "gauges": {
        "CarAgent.Policy.Entropy.mean": {
            "value": 1.2586390972137451,
            "min": 1.2586390972137451,
            "max": 1.4189382791519165,
            "count": 400
        },
        "CarAgent.Policy.Entropy.sum": {
            "value": 12425.28515625,
            "min": 10049.16796875,
            "max": 15052.09765625,
            "count": 400
        },
        "CarAgent.Step.mean": {
            "value": 1999879.0,
            "min": 9958.0,
            "max": 1999879.0,
            "count": 400
        },
        "CarAgent.Step.sum": {
            "value": 1999879.0,
            "min": 9958.0,
            "max": 1999879.0,
            "count": 400
        },
        "CarAgent.Policy.ExtrinsicValueEstimate.mean": {
            "value": 5.592259407043457,
            "min": -0.4218742847442627,
            "max": 8.223787307739258,
            "count": 400
        },
        "CarAgent.Policy.ExtrinsicValueEstimate.sum": {
            "value": 553.6336669921875,
            "min": -42.18742752075195,
            "max": 822.3787231445312,
            "count": 400
        },
        "CarAgent.Environment.EpisodeLength.mean": {
            "value": 350.10714285714283,
            "min": 186.50980392156862,
            "max": 387.0689655172414,
            "count": 400
        },
        "CarAgent.Environment.EpisodeLength.sum": {
            "value": 9803.0,
            "min": 7122.0,
            "max": 11799.0,
            "count": 400
        },
        "CarAgent.Car.Success.mean": {
            "value": 0.0,
            "min": 0.0,
            "max": 0.0,
            "count": 400
        },
        "CarAgent.Car.Success.sum": {
            "value": 0.0,
            "min": 0.0,
            "max": 0.0,
            "count": 400
        },
        "CarAgent.Car.WallCrash.mean": {
            "value": 0.35714285714285715,
            "min": 0.10344827586206896,
            "max": 0.9444444444444444,
            "count": 400
        },
        "CarAgent.Car.WallCrash.sum": {
            "value": 10.0,
            "min": 3.0,
            "max": 51.0,
            "count": 400
        },
        "CarAgent.Car.Timeout.mean": {
            "value": 0.6428571428571429,
            "min": 0.05555555555555555,
            "max": 0.896551724137931,
            "count": 400
        },
        "CarAgent.Car.Timeout.sum": {
            "value": 18.0,
            "min": 3.0,
            "max": 26.0,
            "count": 400
        },
        "CarAgent.Car.CheckpointsPassed.mean": {
            "value": 7.464285714285714,
            "min": 0.13333333333333333,
            "max": 8.592592592592593,
            "count": 400
        },
        "CarAgent.Car.CheckpointsPassed.sum": {
            "value": 209.0,
            "min": 4.0,
            "max": 252.0,
            "count": 400
        },
        "CarAgent.Environment.CumulativeReward.mean": {
            "value": 31.11325686238706,
            "min": -2.2181154205463827,
            "max": 37.18687559491782,
            "count": 400
        },
        "CarAgent.Environment.CumulativeReward.sum": {
            "value": 871.1711921468377,
            "min": -51.526699436828494,
            "max": 1040.582469187677,
            "count": 400
        },
        "CarAgent.Policy.ExtrinsicReward.mean": {
            "value": 31.11325686238706,
            "min": -2.2181154205463827,
            "max": 37.18687559491782,
            "count": 400
        },
        "CarAgent.Policy.ExtrinsicReward.sum": {
            "value": 871.1711921468377,
            "min": -51.526699436828494,
            "max": 1040.582469187677,
            "count": 400
        },
        "CarAgent.IsTraining.mean": {
            "value": 1.0,
            "min": 1.0,
            "max": 1.0,
            "count": 400
        },
        "CarAgent.IsTraining.sum": {
            "value": 1.0,
            "min": 1.0,
            "max": 1.0,
            "count": 400
        },
        "CarAgent.Losses.PolicyLoss.mean": {
            "value": 0.027572412936327357,
            "min": 0.01651563683990389,
            "max": 0.032294713876520595,
            "count": 386
        },
        "CarAgent.Losses.PolicyLoss.sum": {
            "value": 0.027572412936327357,
            "min": 0.01651563683990389,
            "max": 0.032294713876520595,
            "count": 386
        },
        "CarAgent.Losses.ValueLoss.mean": {
            "value": 2.103800106048584,
            "min": 0.03733054337402185,
            "max": 2.8893607457478843,
            "count": 386
        },
        "CarAgent.Losses.ValueLoss.sum": {
            "value": 2.103800106048584,
            "min": 0.03733054337402185,
            "max": 2.8893607457478843,
            "count": 386
        },
        "CarAgent.Policy.LearningRate.mean": {
            "value": 1.4160995279999844e-06,
            "min": 1.4160995279999844e-06,
            "max": 0.00029844870051710004,
            "count": 386
        },
        "CarAgent.Policy.LearningRate.sum": {
            "value": 1.4160995279999844e-06,
            "min": 1.4160995279999844e-06,
            "max": 0.00029844870051710004,
            "count": 386
        },
        "CarAgent.Policy.Epsilon.mean": {
            "value": 0.10047199999999998,
            "min": 0.10047199999999998,
            "max": 0.19948289999999994,
            "count": 386
        },
        "CarAgent.Policy.Epsilon.sum": {
            "value": 0.10047199999999998,
            "min": 0.10047199999999998,
            "max": 0.19948289999999994,
            "count": 386
        },
        "CarAgent.Policy.Beta.mean": {
            "value": 3.3552799999999724e-05,
            "min": 3.3552799999999724e-05,
            "max": 0.004974196709999999,
            "count": 386
        },
        "CarAgent.Policy.Beta.sum": {
            "value": 3.3552799999999724e-05,
            "min": 3.3552799999999724e-05,
            "max": 0.004974196709999999,
            "count": 386
        }
    },
    "metadata": {
        "timer_format_version": "0.1.0",
        "start_time_seconds": "1783441837",
        "python_version": "3.10.12 | packaged by Anaconda, Inc. | (main, Jul  5 2023, 19:01:18) [MSC v.1916 64 bit (AMD64)]",
        "command_line_arguments": "C:\\Users\\marym\\anaconda3\\envs\\mlagents\\Scripts\\mlagents-learn config/ppo_normal.yaml --run-id=ppo_normal_jump --force --env=C:\\Users\\marym\\Desktop\\PoliTO\\Generative AI\\BuildJump2\\UnityEnvironment.exe --no-graphics --num-envs=2",
        "mlagents_version": "1.1.0",
        "mlagents_envs_version": "1.1.0",
        "communication_protocol_version": "1.5.0",
        "pytorch_version": "2.2.2+cu121",
        "numpy_version": "1.23.5",
        "end_time_seconds": "1783443682"
    },
    "total": 1845.2625396000076,
    "count": 1,
    "self": 1.3197407999978168,
    "children": {
        "run_training.setup": {
            "total": 0.13474340000539087,
            "count": 1,
            "self": 0.13474340000539087
        },
        "TrainerController.start_learning": {
            "total": 1843.8080554000044,
            "count": 1,
            "self": 6.676598800462671,
            "children": {
                "TrainerController._reset_env": {
                    "total": 3.8296777999930782,
                    "count": 1,
                    "self": 3.8296777999930782
                },
                "TrainerController.advance": {
                    "total": 1833.166665599536,
                    "count": 243606,
                    "self": 3.454897797870217,
                    "children": {
                        "env_step": {
                            "total": 1829.7117678016657,
                            "count": 243606,
                            "self": 1087.4328933035722,