{
    "name": "root",
    "gauges": {
        "CarAgent.Policy.Entropy.mean": {
            "value": -0.3092484474182129,
            "min": -0.3622702658176422,
            "max": 1.177940011024475,
            "count": 146
        },
        "CarAgent.Policy.Entropy.sum": {
            "value": -2817.25341796875,
            "min": -4213.203125,
            "max": 12156.3408203125,
            "count": 146
        },
        "CarAgent.Step.mean": {
            "value": 1999993.0,
            "min": 549990.0,
            "max": 1999993.0,
            "count": 146
        },
        "CarAgent.Step.sum": {
            "value": 1999993.0,
            "min": 549990.0,
            "max": 1999993.0,
            "count": 146
        },
        "CarAgent.Policy.ExtrinsicValue.mean": {
            "value": 12.195552825927734,
            "min": 11.455031394958496,
            "max": 15.097735404968262,
            "count": 146
        },
        "CarAgent.Policy.ExtrinsicValue.sum": {
            "value": 1073.2086181640625,
            "min": 117.61248016357422,
            "max": 1449.382568359375,
            "count": 146
        },
        "CarAgent.Losses.PolicyLoss.mean": {
            "value": -12.063142904378426,
            "min": -14.949677720616943,
            "max": -12.063142904378426,
            "count": 146
        },
        "CarAgent.Losses.PolicyLoss.sum": {
            "value": -11086.028329123774,
            "min": -16414.23168946719,
            "max": -1559.134650304633,
            "count": 146
        },
        "CarAgent.Losses.ValueLoss.mean": {
            "value": 0.014448416962752338,
            "min": 0.010513932463761106,
            "max": 0.13926023525389514,
            "count": 146
        },
        "CarAgent.Losses.ValueLoss.sum": {
            "value": 13.278095188769399,
            "min": 9.662303934196457,
            "max": 55.86061658784217,
            "count": 146
        },
        "CarAgent.Losses.Q1Loss.mean": {
            "value": 0.10476283186047522,
            "min": 0.015276614592510685,
            "max": 0.15108730274367363,
            "count": 146
        },
        "CarAgent.Losses.Q1Loss.sum": {
            "value": 96.27704247977672,
            "min": 1.9554066678413677,
            "max": 164.8528516738446,
            "count": 146
        },
        "CarAgent.Losses.Q2Loss.mean": {
            "value": 0.10577532755047096,
            "min": 0.016212594373125826,
            "max": 0.15223777619921422,
            "count": 146
        },
        "CarAgent.Losses.Q2Loss.sum": {
            "value": 97.20752601888282,
            "min": 2.0752120797601057,
            "max": 164.25647563328835,
            "count": 146
        },
        "CarAgent.Policy.ContinuousEntropyCoeff.mean": {
            "value": 0.005167224412060077,
            "min": 0.0030152306024491854,
            "max": 0.47752938518246896,
            "count": 146
        },
        "CarAgent.Policy.ContinuousEntropyCoeff.sum": {
            "value": 4.748679234683211,
            "min": 2.8065361601694043,
            "max": 305.0368876808707,
            "count": 146
        },
        "CarAgent.Policy.LearningRate.mean": {
            "value": 0.0002999999999999999,
            "min": 0.0002999999999999999,
            "max": 0.00030000000000000003,
            "count": 146
        },
        "CarAgent.Policy.LearningRate.sum": {
            "value": 0.27569999999999995,
            "min": 0.03839999999999999,
            "max": 0.3624,
            "count": 146
        },
        "CarAgent.IsTraining.mean": {
            "value": 1.0,
            "min": 1.0,
            "max": 1.0,
            "count": 146
        },
        "CarAgent.IsTraining.sum": {
            "value": 1.0,
            "min": 1.0,
            "max": 1.0,
            "count": 146
        },
        "CarAgent.Environment.EpisodeLength.mean": {
            "value": 338.35483870967744,
            "min": 190.04761904761904,
            "max": 535.6190476190476,
            "count": 145
        },
        "CarAgent.Environment.EpisodeLength.sum": {
            "value": 10489.0,
            "min": 3991.0,
            "max": 14632.0,
            "count": 145
        },
        "CarAgent.Car.Success.mean": {
            "value": 1.0,
            "min": 0.0,
            "max": 1.0,
            "count": 145
        },
        "CarAgent.Car.Success.sum": {
            "value": 31.0,
            "min": 0.0,
            "max": 37.0,
            "count": 145
        },
        "CarAgent.Car.WallCrash.mean": {
            "value": 0.0,
            "min": 0.0,
            "max": 1.0,
            "count": 145
        },
        "CarAgent.Car.WallCrash.sum": {
            "value": 0.0,
            "min": 0.0,
            "max": 22.0,
            "count": 145
        },
        "CarAgent.Car.Timeout.mean": {
            "value": 0.0,
            "min": 0.0,
            "max": 0.02702702702702703,
            "count": 145
        },
        "CarAgent.Car.Timeout.sum": {
            "value": 0.0,
            "min": 0.0,
            "max": 1.0,
            "count": 145
        },
        "CarAgent.Car.CheckpointsPassed.mean": {
            "value": 14.0,
            "min": 6.545454545454546,
            "max": 14.0,
            "count": 145
        },
        "CarAgent.Car.CheckpointsPassed.sum": {
            "value": 434.0,
            "min": 144.0,
            "max": 523.0,
            "count": 145
        },
        "CarAgent.Environment.CumulativeReward.mean": {
            "value": 62.22218053094272,
            "min": 21.390779824483964,
            "max": 62.385739212036135,
            "count": 145
        },
        "CarAgent.Environment.CumulativeReward.sum": {
            "value": 1804.4432353973389,
            "min": 449.2063763141632,
            "max": 2224.9035234451294,
            "count": 145
        },
        "CarAgent.Policy.ExtrinsicReward.mean": {
            "value": 62.22218053094272,
            "min": 21.390779824483964,
            "max": 62.385739212036135,
            "count": 145
        },
        "CarAgent.Policy.ExtrinsicReward.sum": {
            "value": 1804.4432353973389,
            "min": 449.2063763141632,
            "max": 2224.9035234451294,
            "count": 145
        },
        "CarAgent.Car.LapTime.mean": {
            "value": 30.968387726814516,
            "min": 30.689993722098215,
            "max": 47.796189989362446,
            "count": 144
        },
        "CarAgent.Car.LapTime.sum": {
            "value": 960.02001953125,
            "min": 530.4600219726562,
            "max": 1254.5000610351562,
            "count": 144
        }
    },
    "metadata": {
        "timer_format_version": "0.1.0",
        "start_time_seconds": "1783530945",
        "python_version": "3.10.12 | packaged by Anaconda, Inc. | (main, Jul  5 2023, 19:01:18) [MSC v.1916 64 bit (AMD64)]",
        "command_line_arguments": "C:\\Users\\danie\\anaconda3\\envs\\mlagents\\Scripts\\mlagents-learn config\\sac_normal.yaml --run-id=run_base_closed_sac --resume --env=.\\Builds\\build_base_closed_headless_v3\\UnityEnvironment.exe --no-graphics --num-envs=4 --seed=1",
        "mlagents_version": "1.1.0",
        "mlagents_envs_version": "1.1.0",
        "communication_protocol_version": "1.5.0",
        "pytorch_version": "2.2.2+cu121",
        "numpy_version": "1.23.5",
        "end_time_seconds": "1783550301"
    },
    "total": 19360.103475199998,
    "count": 1,
    "self": 1.38682109999354,
    "children": {
        "run_training.setup": {
            "total": 0.4683757000020705,
            "count": 1,
            "self": 0.4683757000020705
        },
        "TrainerController.start_learning": {
            "total": 19358.248278400002,
            "count": 1,
            "self": 7.856838298845105,
            "children": {
                "TrainerController._reset_env": {
                    "total": 5.606232300000556,