{
    "name": "root",
    "metadata": {
        "timer_format_version": "0.1.0",
        "start_time_seconds": "1783328323",
        "python_version": "3.10.12 (main, Jul  5 2023, 15:02:25) [Clang 14.0.6 ]",
        "command_line_arguments": "/opt/miniconda3/envs/mlagents/bin/mlagents-learn config/ppo_normal.yaml --run-id=ppo_complex_track_seed1 --seed=1 --force",
        "mlagents_version": "1.1.0",
        "mlagents_envs_version": "1.1.0",
        "communication_protocol_version": "1.5.0",
        "pytorch_version": "2.2.2",
        "numpy_version": "1.23.5",
        "end_time_seconds": "1783328355"
    },
    "total": 31.613557749999927,
    "count": 1,
    "self": 0.0029075010002088675,
    "children": {
        "run_training.setup": {
            "total": 0.022012957999777427,
            "count": 1,
            "self": 0.022012957999777427
        },
        "TrainerController.start_learning": {
            "total": 31.58863729099994,
            "count": 1,
            "self": 0.011641919995781791,
            "children": {
                "TrainerController._reset_env": {
                    "total": 9.582288457999766,
                    "count": 1,
                    "self": 9.582288457999766
                },
                "TrainerController.advance": {
                    "total": 21.952843412004313,
                    "count": 993,
                    "self": 0.004976180982339429,
                    "children": {
                        "env_step": {
                            "total": 21.947867231021974,
                            "count": 993,
                            "self": 21.45800615204007,
                            "children": {
                                "SubprocessEnvManager._take_step": {
                                    "total": 0.48419867899019664,
                                    "count": 993,
                                    "self": 0.06654582298506284,
                                    "children": {
                                        "TorchPolicy.evaluate": {
                                            "total": 0.4176528560051338,
                                            "count": 993,
                                            "self": 0.4176528560051338
                                        }
                                    }
                                },
                                "workers": {
                                    "total": 0.005662399991706479,
                                    "count": 992,
                                    "self": 0.0,
                                    "children": {
                                        "worker_root": {
                                            "total": 16.452248822997262,
                                            "count": 992,
                                            "is_parallel": true,
                                            "self": 1.518611881000652,
                                            "children": {
                                                "steps_from_proto": {
                                                    "total": 0.0013733329997194232,
                                                    "count": 1,
                                                    "is_parallel": true,
                                                    "self": 0.00021333199947548565,
                                                    "children": {
                                                        "_process_rank_one_or_two_observation": {
                                                            "total": 0.0011600010002439376,
                                                            "count": 4,
                                                            "is_parallel": true,
                                                            "self": 0.0011600010002439376
                                                        }
                                                    }
                                                },
                                                "UnityEnvironment.step": {
                                                    "total": 14.932263608996891,
                                                    "count": 992,
                                                    "is_parallel": true,
                                                    "self": 0.03721619198176995,
                                                    "children": {
                                                        "UnityEnvironment._generate_step_input": {
                                                            "total": 0.1892303289987467,
                                                            "count": 992,
                                                            "is_parallel": true,
                                                            "self": 0.1892303289987467
                                                        },
                                                        "communicator.exchange": {
                                                            "total": 14.509182833003706,
                                                            "count": 992,
                                                            "is_parallel": true,
                                                            "self": 14.509182833003706
                                                        },
                                                        "steps_from_proto": {
                                                            "total": 0.1966342550126683,
                                                            "count": 992,
                                                            "is_parallel": true,
                                                            "self": 0.038731620017188106,
                                                            "children": {
                                                                "_process_rank_one_or_two_observation": {
                                                                    "total": 0.15790263499548018,
                                                                    "count": 3968,
                                                                    "is_parallel": true,
                                                                    "self": 0.15790263499548018
                                                                }
                                                            }
                                                        }
                                                    }
                                                }
                                            }
                                        }
                                    }
                                }
                            }
                        }
                    }
                },
                "trainer_threads": {
                    "total": 5.6459000006725546e-05,
                    "count": 1,
                    "self": 5.6459000006725546e-05,
                    "children": {
                        "thread_root": {
                            "total": 0.0,
                            "count": 0,
                            "is_parallel": true,
                            "self": 0.0,
                            "children": {
                                "trainer_advance": {
                                    "total": 21.673638776042026,
                                    "count": 158135,
                                    "is_parallel": true,
                                    "self": 0.6875790660692473,
                                    "children": {
                                        "process_trajectory": {
                                            "total": 20.98605970997278,
                                            "count": 158135,