{
    "name": "root",
    "metadata": {
        "timer_format_version": "0.1.0",
        "start_time_seconds": "1783328929",
        "python_version": "3.10.12 (main, Jul  5 2023, 15:02:25) [Clang 14.0.6 ]",
        "command_line_arguments": "/opt/miniconda3/envs/mlagents/bin/mlagents-learn config/ppo_normal.yaml --run-id=ppo_complex_track_seed1 --seed=1 --force",
        "mlagents_version": "1.1.0",
        "mlagents_envs_version": "1.1.0",
        "communication_protocol_version": "1.5.0",
        "pytorch_version": "2.2.2",
        "numpy_version": "1.23.5",
        "end_time_seconds": "1783329000"
    },
    "total": 71.55855679200022,
    "count": 1,
    "self": 0.002192584000113129,
    "children": {
        "run_training.setup": {
            "total": 0.016223667000303976,
            "count": 1,
            "self": 0.016223667000303976
        },
        "TrainerController.start_learning": {
            "total": 71.5401405409998,
            "count": 1,
            "self": 0.001340710999102157,
            "children": {
                "TrainerController._reset_env": {
                    "total": 6.991495665999992,
                    "count": 1,
                    "self": 6.991495665999992
                },
                "TrainerController.advance": {
                    "total": 64.52620308000087,
                    "count": 112,
                    "self": 0.0005470369992508495,
                    "children": {
                        "env_step": {
                            "total": 64.52565604300162,
                            "count": 112,
                            "self": 64.47728955499133,
                            "children": {
                                "SubprocessEnvManager._take_step": {
                                    "total": 0.04777832300442242,
                                    "count": 112,
                                    "self": 0.003273697006079601,
                                    "children": {
                                        "TorchPolicy.evaluate": {
                                            "total": 0.04450462599834282,
                                            "count": 112,
                                            "self": 0.04450462599834282
                                        }
                                    }
                                },
                                "workers": {
                                    "total": 0.0005881650058654486,
                                    "count": 111,
                                    "self": 0.0,
                                    "children": {
                                        "worker_root": {
                                            "total": 3.951307161999921,
                                            "count": 111,
                                            "is_parallel": true,
                                            "self": 0.46872783200069534,
                                            "children": {
                                                "steps_from_proto": {
                                                    "total": 0.0007131249999474676,
                                                    "count": 1,
                                                    "is_parallel": true,
                                                    "self": 0.00013350099970921292,
                                                    "children": {
                                                        "_process_rank_one_or_two_observation": {
                                                            "total": 0.0005796240002382547,
                                                            "count": 4,
                                                            "is_parallel": true,
                                                            "self": 0.0005796240002382547
                                                        }
                                                    }
                                                },
                                                "UnityEnvironment.step": {
                                                    "total": 3.481866204999278,
                                                    "count": 111,
                                                    "is_parallel": true,
                                                    "self": 0.004469695999887335,
                                                    "children": {
                                                        "UnityEnvironment._generate_step_input": {
                                                            "total": 0.021108001998982218,
                                                            "count": 111,
                                                            "is_parallel": true,
                                                            "self": 0.021108001998982218
                                                        },
                                                        "communicator.exchange": {
                                                            "total": 3.4341656259994124,
                                                            "count": 111,
                                                            "is_parallel": true,
                                                            "self": 3.4341656259994124
                                                        },
                                                        "steps_from_proto": {
                                                            "total": 0.02212288100099613,
                                                            "count": 111,
                                                            "is_parallel": true,
                                                            "self": 0.004421834008098813,
                                                            "children": {
                                                                "_process_rank_one_or_two_observation": {
                                                                    "total": 0.017701046992897318,
                                                                    "count": 444,
                                                                    "is_parallel": true,
                                                                    "self": 0.017701046992897318
                                                                }
                                                            }
                                                        }
                                                    }
                                                }
                                            }
                                        }
                                    }
                                }
                            }
                        }
                    }
                },
                "TrainerController._save_models": {
                    "total": 0.02110108399983801,
                    "count": 1,
                    "self": 0.00039095899956009816,
                    "children": {
                        "RLTrainer._checkpoint": {
                            "total": 0.020710125000277912,
                            "count": 1,
                            "self": 0.020710125000277912
                        }
                    }
                }
            }
        }
    }
}