{
    "name": "root",
    "metadata": {
        "timer_format_version": "0.1.0",
        "start_time_seconds": "1783261691",
        "python_version": "3.10.12 | packaged by Anaconda, Inc. | (main, Jul  5 2023, 19:01:18) [MSC v.1916 64 bit (AMD64)]",
        "command_line_arguments": "C:\\Users\\marym\\anaconda3\\envs\\mlagents\\Scripts\\mlagents-learn config/ppo_normal.yaml --run-id=ppo_normal_cpu --resume",
        "mlagents_version": "1.1.0",
        "mlagents_envs_version": "1.1.0",
        "communication_protocol_version": "1.5.0",
        "pytorch_version": "2.2.2+cu121",
        "numpy_version": "1.23.5",
        "end_time_seconds": "1783262655"
    },
    "total": 964.1384729000001,
    "count": 1,
    "self": 0.013145400000212248,
    "children": {
        "run_training.setup": {
            "total": 0.09436490000007325,
            "count": 1,
            "self": 0.09436490000007325
        },
        "TrainerController.start_learning": {
            "total": 964.0309625999998,
            "count": 1,
            "self": 0.36796679997951287,
            "children": {
                "TrainerController._reset_env": {
                    "total": 11.590362800000548,
                    "count": 1,
                    "self": 11.590362800000548
                },
                "TrainerController.advance": {
                    "total": 951.8754502000193,
                    "count": 9148,
                    "self": 0.15847500004565518,
                    "children": {
                        "env_step": {
                            "total": 951.7169751999736,
                            "count": 9148,
                            "self": 929.07845430005,
                            "children": {
                                "SubprocessEnvManager._take_step": {
                                    "total": 22.459931499984123,
                                    "count": 9148,
                                    "self": 0.9251362999939374,
                                    "children": {
                                        "TorchPolicy.evaluate": {
                                            "total": 21.534795199990185,
                                            "count": 9102,
                                            "self": 21.534795199990185
                                        }
                                    }
                                },
                                "workers": {
                                    "total": 0.17858939993948297,
                                    "count": 9147,
                                    "self": 0.0,
                                    "children": {
                                        "worker_root": {
                                            "total": 267.65729750000446,
                                            "count": 9147,
                                            "is_parallel": true,
                                            "self": 43.185041100043236,
                                            "children": {
                                                "steps_from_proto": {
                                                    "total": 0.0008245999997598119,
                                                    "count": 1,
                                                    "is_parallel": true,
                                                    "self": 0.00023919999875943176,
                                                    "children": {
                                                        "_process_rank_one_or_two_observation": {
                                                            "total": 0.0005854000010003801,
                                                            "count": 4,
                                                            "is_parallel": true,
                                                            "self": 0.0005854000010003801
                                                        }
                                                    }
                                                },
                                                "UnityEnvironment.step": {
                                                    "total": 224.47143179996147,
                                                    "count": 9147,
                                                    "is_parallel": true,
                                                    "self": 1.6469383999356069,
                                                    "children": {
                                                        "UnityEnvironment._generate_step_input": {
                                                            "total": 1.7575632999933077,
                                                            "count": 9147,
                                                            "is_parallel": true,
                                                            "self": 1.7575632999933077
                                                        },
                                                        "communicator.exchange": {
                                                            "total": 216.7526045000286,
                                                            "count": 9147,
                                                            "is_parallel": true,
                                                            "self": 216.7526045000286
                                                        },
                                                        "steps_from_proto": {
                                                            "total": 4.31432560000394,
                                                            "count": 9147,
                                                            "is_parallel": true,
                                                            "self": 1.2339651000365848,
                                                            "children": {
                                                                "_process_rank_one_or_two_observation": {
                                                                    "total": 3.0803604999673553,
                                                                    "count": 36588,
                                                                    "is_parallel": true,
                                                                    "self": 3.0803604999673553
                                                                }
                                                            }
                                                        }
                                                    }
                                                }
                                            }
                                        }
                                    }
                                }
                            }
                        }
                    }
                },
                "TrainerController._save_models": {
                    "total": 0.1971828000005189,
                    "count": 1,
                    "self": 0.05634240000108548,
                    "children": {
                        "RLTrainer._checkpoint": {
                            "total": 0.14084039999943343,
                            "count": 1,
                            "self": 0.14084039999943343
                        }
                    }
                }
            }
        }
    }
}